{"cameraMode":{"drawMode":0,"name":"Shaded","section":"Shading Mode"},"sceneLighting":true,"audioPlay":false,"sceneViewState":{"m_AlwaysRefresh":false,"showFog":true,"showSkybox":true,"showFlares":true,"showImageEffects":true,"showParticleSystems":true,"showVisualEffectGraphs":true,"m_FxEnabled":true},"in2DMode":false,"pivot":{"x":1.3749221563339234,"y":6.793187141418457,"z":-2.4882469177246095},"rotation":{"x":0.19905787706375123,"y":-0.007646162528544664,"z":0.0015497849090024829,"w":0.9799692034721375},"size":14.199280738830567,"orthographic":false}