{"cameraMode":{"drawMode":0,"name":"Shaded","section":"Shading Mode"},"sceneLighting":true,"audioPlay":false,"sceneViewState":{"m_AlwaysRefresh":false,"showFog":true,"showSkybox":true,"showFlares":true,"showImageEffects":true,"showParticleSystems":true,"showVisualEffectGraphs":true,"m_FxEnabled":true},"in2DMode":false,"pivot":{"x":11.450483322143555,"y":5.324575901031494,"z":-10.364112854003907},"rotation":{"x":0.21816156804561616,"y":0.08594612032175064,"z":-0.019294066354632379,"w":0.9719424247741699},"size":10.476249694824219,"orthographic":false}