{"cameraMode":{"drawMode":0,"name":"Shaded","section":"Shading Mode"},"sceneLighting":false,"audioPlay":false,"sceneViewState":{"m_AlwaysRefresh":false,"showFog":true,"showSkybox":false,"showFlares":true,"showImageEffects":true,"showParticleSystems":true,"showVisualEffectGraphs":true,"m_FxEnabled":true},"in2DMode":false,"pivot":{"x":1.7881393432617188e-7,"y":0.05871427059173584,"z":0.05871419608592987},"rotation":{"x":0.19905787706375123,"y":-0.007646162528544664,"z":0.0015497849090024829,"w":0.9799692034721375},"size":0.8178963661193848,"orthographic":false}