{"cameraMode":{"drawMode":0,"name":"Shaded","section":"Shading Mode"},"sceneLighting":false,"audioPlay":false,"sceneViewState":{"m_AlwaysRefresh":false,"showFog":true,"showSkybox":false,"showFlares":true,"showImageEffects":true,"showParticleSystems":true,"showVisualEffectGraphs":true,"m_FxEnabled":true},"in2DMode":false,"pivot":{"x":-0.2542389929294586,"y":0.9109690189361572,"z":0.13304249942302705},"rotation":{"x":0.21816156804561616,"y":0.08594612032175064,"z":-0.019294066354632379,"w":0.9719424247741699},"size":1.4326716661453248,"orthographic":false}